"A[C>A]A","A[C>A]C","A[C>A]G","A[C>A]T","A[C>G]A","A[C>G]C","A[C>G]G","A[C>G]T","A[C>T]A","A[C>T]C","A[C>T]G","A[C>T]T","A[T>A]A","A[T>A]C","A[T>A]G","A[T>A]T","A[T>C]A","A[T>C]C","A[T>C]G","A[T>C]T","A[T>G]A","A[T>G]C","A[T>G]G","A[T>G]T","C[C>A]A","C[C>A]C","C[C>A]G","C[C>A]T","C[C>G]A","C[C>G]C","C[C>G]G","C[C>G]T","C[C>T]A","C[C>T]C","C[C>T]G","C[C>T]T","C[T>A]A","C[T>A]C","C[T>A]G","C[T>A]T","C[T>C]A","C[T>C]C","C[T>C]G","C[T>C]T","C[T>G]A","C[T>G]C","C[T>G]G","C[T>G]T","G[C>A]A","G[C>A]C","G[C>A]G","G[C>A]T","G[C>G]A","G[C>G]C","G[C>G]G","G[C>G]T","G[C>T]A","G[C>T]C","G[C>T]G","G[C>T]T","G[T>A]A","G[T>A]C","G[T>A]G","G[T>A]T","G[T>C]A","G[T>C]C","G[T>C]G","G[T>C]T","G[T>G]A","G[T>G]C","G[T>G]G","G[T>G]T","T[C>A]A","T[C>A]C","T[C>A]G","T[C>A]T","T[C>G]A","T[C>G]C","T[C>G]G","T[C>G]T","T[C>T]A","T[C>T]C","T[C>T]G","T[C>T]T","T[T>A]A","T[T>A]C","T[T>A]G","T[T>A]T","T[T>C]A","T[T>C]C","T[T>C]G","T[T>C]T","T[T>G]A","T[T>G]C","T[T>G]G","T[T>G]T"
1,0,0,0,1,0,0,1,0,1,0,0,0,0,1,0,0,0,2,1,0,0,0,1,2,0,1,1,3,0,0,1,2,3,5,0,0,1,0,0,0,0,1,0,0,1,0,0,1,1,1,0,1,1,0,1,1,0,5,2,0,0,1,0,1,0,0,0,0,0,0,0,2,3,2,6,11,6,1,12,23,12,2,11,0,0,1,0,1,0,0,1,0,0,0,0
0,1,0,0,0,1,0,0,0,2,4,2,0,1,0,1,0,0,0,0,0,0,1,0,1,0,0,0,1,1,1,1,2,1,2,4,0,0,2,1,1,0,0,1,0,0,0,0,0,0,1,1,0,0,0,0,3,3,5,0,0,1,0,0,0,0,0,0,0,0,0,1,1,1,0,0,0,0,0,2,2,2,3,1,0,0,0,0,0,0,0,0,0,1,0,0
2,2,1,1,1,1,2,1,2,2,6,0,0,0,0,0,3,0,3,1,0,0,0,1,1,1,2,0,2,0,0,2,5,0,6,1,0,0,1,0,1,3,2,1,1,1,0,0,1,0,1,3,0,0,1,3,3,1,10,7,0,0,1,0,0,0,2,2,1,0,0,1,3,3,1,3,46,13,5,55,42,11,12,20,0,0,0,0,1,4,0,0,0,0,2,1
0,1,0,0,0,0,1,0,1,1,2,0,0,0,0,0,0,0,0,2,0,0,0,0,0,0,0,0,0,0,0,0,0,0,1,1,1,0,0,0,0,0,0,0,0,0,0,0,0,0,0,0,0,0,0,0,1,1,1,0,0,0,0,0,0,0,0,1,0,0,0,0,0,0,1,0,0,1,0,0,0,2,1,0,0,0,0,0,0,0,0,0,0,0,0,0
2,1,0,0,0,0,1,0,1,1,1,0,0,0,0,0,0,0,0,1,0,0,0,0,0,1,0,0,0,0,0,0,0,0,6,0,0,0,0,0,0,0,0,0,0,0,0,0,2,1,1,2,0,3,0,1,2,0,3,1,0,0,0,0,0,0,1,0,0,0,0,0,3,1,0,2,1,0,0,0,1,1,2,0,0,0,0,0,0,0,2,0,0,0,0,0
1,0,0,0,0,1,0,0,0,0,1,0,0,0,1,0,0,0,0,1,0,0,0,0,0,0,0,2,0,0,0,0,1,0,0,0,0,0,0,0,0,0,0,0,0,0,0,0,0,0,1,0,0,0,0,0,0,0,1,0,0,0,0,1,0,0,0,1,0,0,0,0,0,1,0,0,0,0,0,1,0,2,1,0,0,1,0,0,0,0,0,1,0,0,0,0
0,1,2,1,1,1,2,2,2,2,7,2,0,0,1,0,2,1,1,0,0,0,0,0,0,1,1,1,0,2,0,3,1,1,7,2,0,1,1,0,0,1,0,1,0,0,2,3,0,1,0,3,0,2,1,0,5,1,6,0,0,0,0,1,2,0,0,0,1,0,0,0,2,1,0,2,0,0,0,4,1,0,4,1,0,1,1,0,0,1,2,1,0,0,0,0
2,1,0,1,1,0,1,2,0,2,6,0,0,0,0,0,2,1,1,1,0,0,0,0,2,1,0,0,3,3,0,3,3,2,2,4,0,0,2,0,2,5,3,2,0,1,0,1,3,2,0,0,1,3,2,1,1,3,1,2,0,0,1,0,0,0,0,1,1,0,0,0,0,2,0,4,10,4,1,10,4,1,0,1,0,0,2,0,2,0,2,1,0,0,0,0
0,1,1,0,0,0,0,1,0,0,3,0,0,0,0,0,0,2,2,0,0,0,0,0,0,0,0,1,0,0,1,0,0,0,4,1,1,1,0,0,1,0,0,0,0,0,0,0,0,0,0,0,0,0,1,0,2,0,2,2,1,0,0,0,1,0,0,0,0,0,0,0,0,1,1,1,0,0,0,0,1,0,1,0,0,0,0,0,0,0,0,0,0,0,0,0
1,0,0,0,2,1,0,0,1,1,2,1,1,0,0,0,0,0,0,1,0,0,1,0,0,2,2,0,0,0,1,0,0,0,2,2,1,1,0,0,0,2,1,0,0,0,0,0,1,0,0,0,0,0,0,0,0,1,1,0,0,0,0,0,1,0,0,0,0,0,0,0,0,1,1,1,1,0,0,1,3,3,2,1,0,0,0,0,0,1,0,0,0,1,0,0
1,1,0,1,0,1,0,0,3,4,12,2,0,0,0,0,0,0,0,1,0,1,0,0,0,2,0,0,1,0,1,1,1,5,7,3,0,2,0,0,1,1,0,0,0,0,0,1,3,1,0,2,0,0,1,0,1,0,3,0,0,2,0,1,1,0,0,1,0,0,3,0,1,2,0,5,0,1,2,4,2,2,2,2,0,0,0,1,0,0,0,0,0,0,0,1
2,2,1,0,0,1,0,1,0,1,10,1,1,0,0,0,1,1,4,1,0,0,0,0,0,0,0,3,1,1,0,2,0,4,8,1,1,1,0,0,0,0,1,2,0,0,1,2,2,0,0,0,0,1,0,1,4,1,10,0,1,0,0,2,2,1,0,1,0,0,0,0,3,1,0,5,7,3,2,10,9,6,5,13,1,1,0,1,0,0,0,1,0,2,2,1
0,0,0,0,0,1,0,0,0,0,1,0,0,0,0,0,0,0,0,0,0,0,0,0,0,1,0,1,0,0,0,0,2,1,1,1,0,0,0,0,0,1,0,0,0,0,0,1,0,0,0,1,0,0,0,0,0,1,4,1,0,0,0,0,0,0,1,0,1,0,0,0,0,1,0,0,0,1,0,0,0,0,1,0,0,0,0,0,0,0,0,0,0,0,0,0
0,0,0,0,0,0,0,0,0,1,4,0,0,0,0,0,0,0,1,1,0,0,0,0,0,1,0,0,0,0,0,0,1,0,1,0,0,0,0,0,0,0,0,0,0,0,0,0,0,1,0,0,0,0,0,0,0,0,4,0,0,0,0,1,0,0,0,0,0,0,0,0,1,1,0,0,1,0,0,0,3,1,2,1,0,0,0,0,0,0,0,0,0,0,1,0
2,2,0,2,2,0,0,0,1,0,6,1,0,0,1,1,0,4,4,1,1,0,0,0,3,0,1,1,0,1,1,1,0,0,4,5,0,1,0,0,1,1,1,3,1,0,1,1,1,0,0,1,0,0,0,0,1,1,2,2,1,0,0,0,3,0,2,2,0,0,1,1,1,3,0,5,17,6,2,36,36,11,11,20,0,2,0,1,3,6,1,2,2,0,1,1
0,1,0,0,2,0,1,0,0,1,5,3,0,0,1,1,2,0,2,1,0,0,1,0,1,0,0,1,0,0,0,0,1,3,2,0,0,0,0,0,0,0,0,0,1,0,0,1,0,0,0,0,0,0,0,0,0,0,0,1,0,0,0,0,1,0,1,0,0,0,0,0,0,1,0,0,0,0,0,0,0,2,1,2,0,0,1,0,1,0,0,1,0,2,0,1
0,0,0,0,0,0,0,1,1,2,1,0,0,0,1,1,0,0,1,2,0,0,1,0,1,2,0,2,0,0,0,0,1,2,6,3,0,1,0,0,0,0,1,2,0,0,0,0,0,0,0,1,0,0,0,1,0,4,0,0,1,0,0,0,2,0,0,0,0,0,0,1,0,0,1,1,0,0,0,0,5,2,1,5,1,0,1,0,0,1,0,0,0,0,0,0
2,0,1,1,0,1,0,1,5,0,1,3,0,2,1,0,1,1,2,2,0,0,0,0,0,0,0,0,0,0,0,1,3,2,2,2,0,0,0,0,0,1,0,1,0,0,0,2,1,1,1,0,0,1,0,0,3,1,3,3,0,1,0,0,1,1,0,0,0,0,0,0,13,6,1,0,61,19,5,54,78,12,21,28,0,1,0,0,1,0,0,1,0,0,0,1
1,1,0,0,0,0,0,1,0,1,4,0,0,0,0,0,0,0,1,0,0,0,0,0,0,0,0,0,0,0,1,1,4,2,4,1,0,0,0,0,0,0,0,0,0,0,0,0,1,0,0,0,0,0,0,1,2,2,1,1,0,0,0,0,0,0,0,1,0,0,0,0,5,1,0,1,9,8,3,18,25,4,7,17,0,0,0,0,0,1,0,0,0,0,0,0
1,1,0,0,0,0,0,0,0,0,5,1,0,1,0,1,0,0,0,0,0,0,0,0,0,0,0,0,0,0,0,1,2,0,1,0,0,0,0,0,1,0,0,1,0,0,0,0,0,0,0,1,0,0,0,1,2,1,1,0,0,0,0,0,0,0,1,0,0,0,0,0,0,0,0,0,2,0,0,0,4,1,3,2,0,2,0,0,0,1,1,0,0,0,0,0
4,7,0,1,2,2,0,1,2,5,4,2,1,3,1,1,0,2,4,3,1,0,0,1,4,3,1,2,2,6,3,6,6,2,9,3,0,2,1,1,0,2,4,1,0,1,0,3,1,1,2,4,1,0,2,2,4,3,5,4,0,2,0,1,1,2,2,1,1,1,3,1,4,3,1,5,6,1,0,6,7,3,5,7,1,1,0,1,0,0,1,0,0,0,1,1
1,1,0,0,2,1,0,3,1,0,2,3,2,0,1,0,0,1,1,1,0,0,0,2,0,0,0,2,1,1,0,4,13,1,9,3,0,2,0,0,0,1,0,1,0,1,1,0,0,0,0,0,0,2,0,3,4,3,3,1,0,2,1,0,0,0,0,0,0,0,0,0,18,11,7,11,98,43,17,94,138,58,54,89,0,0,0,0,0,0,0,0,0,0,0,1
1,4,0,2,1,0,4,5,1,0,5,5,0,2,0,1,4,1,0,1,1,0,0,0,0,3,3,1,1,0,2,2,6,8,10,2,1,0,1,1,0,1,3,1,1,1,1,2,1,1,3,0,2,1,1,0,3,2,11,2,1,1,1,0,0,1,0,0,0,0,0,1,7,3,0,3,21,9,3,21,17,11,7,11,1,0,0,1,1,3,1,2,2,0,0,0
4,1,0,2,1,1,1,0,1,2,3,4,0,0,0,0,0,1,0,1,0,0,1,0,3,0,0,3,1,1,0,1,4,0,2,5,0,1,1,0,0,3,2,0,0,0,0,1,2,3,0,3,0,1,0,3,1,1,1,1,0,0,0,0,1,1,1,0,0,0,0,0,2,2,1,4,4,2,0,4,1,0,1,2,0,0,0,0,3,2,0,2,1,0,2,0
0,0,1,0,0,0,0,2,0,2,4,1,0,0,0,0,0,1,0,2,1,0,0,0,1,1,0,0,0,0,0,2,1,0,3,2,0,1,0,0,1,0,1,0,0,0,0,0,1,1,0,0,0,2,0,0,2,0,0,1,0,0,0,1,0,0,0,0,0,1,0,0,0,2,0,0,1,1,0,0,1,0,0,1,0,1,0,0,0,0,0,0,1,0,0,0
4,1,0,2,0,2,1,0,0,4,7,6,0,0,1,1,2,1,3,1,1,2,0,0,2,5,1,0,2,1,2,5,2,2,10,3,0,0,1,1,1,4,0,2,1,2,0,1,6,2,2,4,0,2,2,2,0,2,10,6,0,2,0,2,3,2,1,0,2,1,1,0,2,5,0,4,11,7,1,8,5,6,3,4,2,1,1,0,1,1,1,1,2,0,1,1
0,0,1,0,1,0,0,0,0,0,2,0,0,1,0,0,0,4,1,1,0,0,0,0,0,0,0,0,1,2,2,0,2,0,0,0,0,0,0,0,0,0,1,0,0,0,0,0,0,0,0,0,0,0,0,0,0,1,2,0,0,0,0,1,1,0,0,1,0,0,0,0,0,0,0,0,1,0,0,1,4,3,5,2,0,0,0,0,0,1,0,1,0,0,0,0
3,0,0,0,3,1,2,3,2,0,8,0,0,0,0,0,1,2,1,2,0,0,0,0,0,1,1,1,3,2,0,3,10,2,5,3,0,0,0,0,1,1,0,2,0,1,0,0,1,3,0,0,2,3,0,1,4,3,2,2,0,1,0,1,0,0,1,0,0,0,0,0,25,15,5,13,198,65,22,229,244,58,58,126,0,1,0,1,0,1,0,0,0,1,0,0
1,2,0,1,0,0,1,1,1,0,4,1,0,1,0,0,2,0,0,0,0,0,0,0,0,0,1,1,0,0,0,0,2,2,3,0,0,0,0,0,0,0,1,0,0,0,0,0,1,0,0,1,0,2,0,0,1,2,9,2,0,0,0,1,0,0,0,0,0,0,0,1,1,1,0,0,0,0,0,0,0,1,2,1,1,1,0,2,0,1,1,0,0,0,0,0
1,3,0,0,5,5,2,3,4,5,4,2,1,2,0,1,2,0,3,0,1,1,2,0,7,5,3,2,2,3,1,3,0,1,3,5,2,2,3,2,1,1,1,2,0,1,0,1,1,4,1,4,2,3,1,5,6,3,5,6,0,2,1,0,1,0,2,1,0,1,3,1,5,10,0,4,9,4,2,6,11,8,4,8,0,1,1,0,1,3,1,2,2,0,1,2
1,2,1,2,0,0,0,1,1,1,4,2,1,0,0,1,3,0,0,1,0,0,0,1,2,2,0,0,1,0,1,0,2,3,2,2,0,0,0,0,0,1,0,0,0,0,0,0,4,0,0,1,1,1,0,0,1,1,6,1,0,0,0,0,0,0,1,0,0,0,1,1,1,0,0,1,0,1,1,1,1,2,3,1,0,0,0,1,0,0,0,0,0,0,0,2
0,0,0,1,0,0,0,0,2,2,4,0,0,0,0,0,0,0,1,0,2,0,0,0,1,0,1,1,0,0,0,0,0,1,2,1,0,0,1,0,0,0,0,0,0,1,0,1,1,1,0,0,0,0,1,0,0,3,2,0,0,0,0,0,0,0,0,0,0,0,0,0,0,0,0,0,0,0,0,1,1,1,2,4,0,1,0,1,0,1,0,0,0,0,1,0
0,0,0,2,0,0,0,0,0,1,2,0,0,0,0,1,2,0,0,1,0,1,0,0,0,0,0,0,0,0,0,0,1,0,2,1,0,0,1,0,0,0,0,0,0,0,0,0,1,0,1,1,0,0,0,0,1,1,7,2,0,1,0,0,0,1,0,1,0,0,0,1,1,1,1,0,0,0,0,0,1,3,3,0,1,0,0,0,0,0,1,0,0,0,0,0
1,2,0,0,1,0,0,1,1,2,4,0,0,0,0,0,0,0,1,0,0,0,0,0,0,1,0,0,0,1,0,1,0,0,5,0,0,0,0,0,0,0,0,0,0,0,0,0,0,0,0,0,0,5,0,1,0,1,2,1,0,1,0,0,1,0,0,0,0,0,0,0,1,0,0,0,0,1,0,0,1,1,3,0,0,0,0,0,0,1,0,0,0,0,0,0
0,0,0,0,0,1,0,0,2,1,6,1,0,0,0,0,0,0,0,1,1,0,0,0,0,0,0,0,0,1,0,0,0,0,1,0,0,0,1,0,0,1,0,0,0,0,0,0,0,0,0,0,0,1,0,0,1,0,0,1,0,1,0,0,0,1,0,1,0,0,0,1,0,1,0,0,1,2,0,3,5,1,3,4,0,0,0,0,0,0,0,1,0,0,0,1
1,1,0,0,0,0,0,0,0,0,4,0,0,0,0,1,0,2,0,0,0,0,0,0,1,0,0,0,0,0,0,0,0,0,3,1,0,0,0,0,0,0,0,0,0,0,0,0,0,1,0,0,0,0,0,0,1,2,3,1,0,0,1,0,1,0,0,0,0,0,0,0,0,1,0,0,0,0,0,0,4,2,2,0,0,0,0,0,0,0,0,2,0,0,0,1
2,0,1,2,1,0,0,0,0,0,10,0,0,0,0,0,0,0,0,0,0,0,0,0,0,1,0,0,1,1,0,0,3,0,5,1,0,1,0,0,0,1,1,0,0,0,0,0,0,0,1,0,0,0,1,0,1,1,3,1,1,0,0,0,0,1,0,1,0,0,0,0,1,0,0,2,0,0,0,1,2,2,1,2,0,0,0,0,0,0,0,1,0,0,0,0
2,1,0,2,0,2,2,3,2,2,7,1,0,0,0,1,0,0,0,0,1,0,0,0,1,2,1,0,1,0,1,1,4,1,7,2,0,1,0,1,0,2,1,0,1,0,1,3,1,0,0,1,1,0,2,1,6,5,6,3,1,1,1,0,1,0,0,2,0,0,0,0,2,1,1,2,17,6,1,15,29,10,14,14,0,0,2,1,1,0,0,1,0,0,0,2
1,2,1,1,0,0,1,0,4,1,6,0,0,2,0,1,0,0,0,1,0,0,0,0,1,0,0,1,0,0,0,1,2,3,2,2,0,0,0,0,0,1,2,0,0,1,1,1,0,0,1,1,1,0,0,0,1,1,3,0,0,0,1,0,0,1,2,0,1,0,0,0,3,1,1,2,1,1,0,0,5,1,8,3,0,0,0,1,0,0,0,0,0,0,0,0
0,0,0,0,0,0,0,0,0,2,2,0,0,0,0,1,0,0,0,0,0,0,0,0,0,0,0,0,0,0,0,0,3,0,3,1,0,0,0,0,0,0,0,1,0,0,0,0,1,1,0,0,0,0,1,0,1,3,3,1,0,0,0,0,0,0,1,0,0,0,0,0,2,0,2,1,7,1,1,18,17,4,7,4,0,0,0,0,0,0,0,0,0,0,0,1
0,1,1,0,0,0,1,0,0,1,3,1,0,0,0,0,0,0,0,0,0,0,0,0,0,0,0,0,1,0,0,1,0,2,0,1,0,1,0,0,0,0,1,1,0,0,0,0,0,0,0,0,0,1,0,0,0,1,3,1,0,0,0,0,1,0,0,0,0,0,0,0,2,2,1,1,1,2,1,2,1,3,2,1,0,0,0,0,0,0,1,0,0,0,0,0
0,0,0,0,1,0,0,0,1,0,4,0,1,0,0,0,0,0,0,1,0,0,0,0,0,0,0,0,0,0,0,0,2,3,3,1,0,0,0,0,0,0,0,0,0,0,0,1,3,1,0,0,0,1,0,0,4,4,8,1,0,0,0,0,1,0,0,0,0,0,1,0,0,0,0,0,0,0,0,0,5,0,2,2,0,0,0,0,0,0,0,0,0,0,0,0
0,0,1,0,0,0,0,0,1,1,1,1,0,0,0,0,1,2,1,1,0,0,0,1,0,0,0,0,0,0,0,2,4,0,3,1,0,0,0,0,0,0,0,0,0,0,1,0,1,1,0,0,0,0,0,0,0,0,0,0,0,0,0,0,0,0,0,1,0,0,0,0,0,0,1,0,0,0,0,1,4,0,3,2,0,0,0,0,0,0,0,0,0,0,0,0
1,0,0,2,1,0,0,2,1,1,3,0,0,2,0,4,0,2,3,2,0,1,2,0,3,1,0,2,1,0,0,3,1,2,5,3,1,0,2,5,0,0,1,0,0,0,1,0,0,1,0,0,1,4,0,1,4,1,1,2,0,0,0,0,1,0,0,0,0,0,3,0,2,0,0,3,0,3,0,4,5,5,0,8,0,1,0,3,1,1,0,0,1,0,2,0
0,1,0,0,0,0,0,0,0,1,7,0,0,0,0,1,0,0,1,0,0,0,0,0,1,0,0,1,1,1,0,0,2,1,4,3,0,0,0,0,0,0,0,0,0,0,0,0,2,0,0,0,0,0,0,1,0,1,2,3,0,0,0,0,0,0,0,1,0,0,0,0,1,0,1,2,0,2,0,1,8,2,7,8,0,0,0,0,0,0,0,1,0,0,0,0
1,1,0,0,0,0,0,1,0,0,2,0,1,0,0,0,1,0,2,0,0,0,0,0,1,0,0,0,0,0,0,0,1,1,2,1,0,0,1,0,0,0,0,1,0,1,0,1,4,0,0,0,0,1,0,0,3,3,1,2,0,0,0,0,1,1,0,1,0,1,1,0,0,0,0,0,2,0,0,2,3,4,2,4,0,1,0,0,0,0,1,0,0,0,0,0
1,1,0,0,0,0,0,0,0,0,1,1,0,1,0,0,2,0,1,0,0,0,0,0,0,0,0,0,0,0,0,1,3,0,4,3,0,1,2,0,0,1,0,0,0,0,2,1,0,0,0,0,0,0,1,0,1,0,2,2,0,0,0,0,1,1,0,1,0,0,0,0,0,2,0,1,6,3,1,4,9,6,4,1,0,0,0,0,0,0,0,1,0,0,0,0
1,0,0,0,0,0,0,0,0,0,3,1,0,0,0,0,0,0,0,0,0,0,0,0,0,0,1,0,0,0,0,0,0,0,3,0,0,0,0,1,0,0,0,0,0,0,0,0,0,0,0,0,0,0,0,0,0,1,1,0,0,0,0,0,0,0,0,0,0,0,0,0,0,1,0,0,1,0,0,1,1,1,1,1,0,0,0,0,0,2,0,0,0,0,1,0
0,0,1,0,0,0,0,0,1,1,3,1,0,0,1,0,0,2,1,0,0,0,0,0,1,0,0,1,1,1,0,0,1,0,3,1,0,0,0,0,0,0,0,0,0,0,0,0,0,1,0,0,0,0,0,0,0,2,2,0,0,0,0,0,1,1,0,0,0,0,2,0,0,0,1,3,0,0,0,0,1,0,1,0,0,0,0,0,0,1,1,0,0,0,0,1
2,1,0,0,0,2,0,1,1,0,5,0,0,1,0,1,0,0,0,0,0,0,1,0,1,0,0,1,0,0,0,0,0,2,8,2,0,0,0,1,1,0,0,0,0,1,0,0,1,0,0,0,0,0,0,0,0,1,5,2,0,0,0,0,1,0,0,1,0,0,0,0,1,0,1,2,3,2,0,2,5,2,3,4,0,0,1,0,1,0,1,0,1,0,0,0
0,0,0,0,0,0,0,0,0,0,0,0,0,0,0,0,0,0,0,0,0,0,0,0,0,0,0,0,0,0,0,0,0,0,1,0,0,0,0,0,0,0,0,0,0,0,0,0,0,0,0,0,0,0,0,0,0,0,0,0,0,0,0,0,0,0,0,0,0,0,0,0,0,0,0,0,0,0,0,0,0,0,0,0,0,0,0,0,0,0,0,0,0,0,0,0
0,2,0,0,0,0,0,0,2,0,5,0,0,0,1,0,0,0,0,1,0,0,0,0,1,0,0,0,0,0,0,1,3,0,3,0,0,0,0,0,0,0,0,0,0,0,0,0,0,0,0,3,0,2,0,1,0,1,5,0,0,0,1,0,0,0,2,0,1,0,0,0,1,0,1,2,3,1,1,3,6,2,7,3,0,0,0,0,0,0,0,0,0,1,0,0
2,0,1,0,2,3,1,2,1,1,6,1,0,0,0,1,1,1,0,0,0,1,2,0,1,1,0,1,1,3,0,3,3,3,2,7,2,5,3,3,0,2,2,1,0,0,4,0,1,0,0,0,0,1,1,1,2,2,4,1,0,0,2,2,0,0,3,1,0,0,0,1,5,6,1,2,8,6,2,23,9,4,1,7,0,1,1,1,0,2,1,1,0,1,0,0
1,2,1,0,0,1,0,1,0,1,4,1,0,0,0,1,2,0,0,1,0,0,0,0,1,1,0,3,0,1,1,0,0,0,0,2,0,1,3,1,1,0,1,0,0,0,0,1,0,0,0,1,0,0,0,0,2,1,0,2,0,1,0,0,0,0,0,0,0,0,1,1,0,0,0,0,2,0,0,1,1,0,2,1,1,0,0,0,1,0,1,0,1,0,0,1
2,0,0,1,0,1,0,0,2,0,6,1,1,0,0,0,3,0,1,3,0,0,0,0,1,1,0,0,1,0,2,1,3,2,1,1,0,0,1,1,0,0,0,0,0,0,0,1,0,0,0,0,0,0,1,0,2,1,2,0,0,0,0,0,0,2,0,0,0,0,0,0,1,1,1,1,7,4,1,9,6,2,2,4,1,0,0,0,0,1,0,0,0,0,0,0
3,1,0,0,1,2,1,3,1,1,4,2,0,1,0,0,1,1,3,1,0,0,1,0,3,2,0,2,6,0,1,1,1,1,4,0,0,3,1,5,1,2,1,3,1,0,4,0,2,3,0,3,1,0,1,2,3,2,3,1,0,0,1,0,0,3,3,0,0,1,1,1,1,0,0,2,3,3,3,5,2,0,2,1,1,0,1,0,0,1,0,0,0,0,1,0
0,0,0,0,2,0,0,0,1,1,7,0,0,0,1,0,0,1,1,0,0,0,0,0,0,0,1,0,1,0,0,1,1,2,7,2,0,0,1,0,0,1,2,1,1,0,2,0,1,0,1,1,0,0,0,0,1,1,4,1,0,0,0,1,0,0,1,0,0,0,0,0,2,4,1,1,0,0,0,1,2,3,2,2,0,0,1,0,0,1,0,0,0,0,1,1
0,0,2,0,0,0,0,0,0,0,2,1,0,2,0,0,0,0,2,0,0,0,0,0,0,1,0,0,2,2,0,0,0,1,2,2,0,0,0,0,0,0,0,1,0,0,1,0,0,0,1,0,0,0,1,0,1,1,2,0,0,0,0,0,0,1,1,1,0,0,1,0,1,2,1,0,6,0,0,4,8,5,7,5,0,0,0,0,0,1,1,0,0,0,0,0
0,0,1,0,0,0,0,1,0,1,2,1,0,0,0,1,2,1,1,0,0,0,0,0,1,0,0,1,2,0,0,0,0,2,5,0,0,1,1,0,1,3,1,3,0,1,0,1,0,0,0,1,1,2,0,1,0,0,4,0,0,0,0,0,0,0,0,2,0,0,0,0,0,1,0,0,1,1,0,1,1,3,2,1,0,0,0,0,0,0,0,0,1,1,2,2
2,1,4,0,2,3,0,4,1,1,4,1,0,0,0,0,2,1,0,1,0,0,1,1,0,5,2,0,1,0,1,1,2,1,9,1,0,0,1,1,0,1,0,0,1,0,0,3,0,0,0,0,0,3,1,2,3,1,5,2,0,1,2,0,0,0,0,0,0,0,0,0,5,1,0,1,3,2,0,6,2,1,4,2,0,1,0,0,0,0,0,1,0,0,0,0
1,1,1,0,0,0,0,0,0,1,3,0,0,1,0,0,0,0,1,2,0,0,0,0,0,0,0,0,1,0,1,0,2,1,5,1,0,0,1,0,0,0,1,0,0,0,0,0,0,1,0,0,0,0,0,1,2,1,6,0,0,1,1,0,0,0,2,0,0,0,0,0,0,1,0,0,1,1,1,1,1,0,1,0,0,0,0,0,2,0,0,0,1,0,1,0
1,2,0,0,0,1,0,2,1,1,2,1,1,0,0,0,1,2,0,0,0,0,0,0,1,0,1,1,1,0,0,0,0,1,3,3,0,1,0,1,0,0,1,0,0,0,0,2,3,0,0,0,0,0,0,0,1,2,1,0,0,1,0,1,0,2,1,0,2,0,0,0,0,4,0,2,0,3,0,2,3,3,2,0,0,0,1,0,0,0,1,0,0,0,0,0
0,0,0,0,1,0,0,0,0,0,1,0,1,1,0,0,3,0,1,1,0,0,0,0,0,0,0,1,0,0,0,0,0,0,1,1,0,0,0,0,0,0,0,1,0,1,0,0,1,0,0,1,0,0,0,0,0,0,2,0,0,0,0,0,0,0,0,0,0,0,0,0,0,1,0,0,0,1,0,0,1,0,1,1,0,0,0,0,0,0,0,1,0,0,0,0
0,0,1,0,0,1,0,0,0,0,2,0,0,0,2,1,1,0,0,0,0,0,0,0,0,0,0,2,0,0,0,0,1,0,2,0,0,1,0,0,0,0,0,1,0,0,0,0,1,0,0,0,0,0,0,0,2,1,4,1,0,0,0,1,0,0,1,0,0,0,0,0,0,0,0,0,0,0,0,0,1,0,1,2,0,0,0,0,1,1,2,0,0,0,0,0
0,0,1,0,0,1,0,3,0,0,1,1,0,0,0,0,0,0,0,1,0,0,0,0,0,0,0,1,0,0,0,0,3,0,6,1,0,0,0,0,0,0,0,0,0,0,0,1,0,0,1,1,1,0,0,0,0,1,4,0,0,0,0,0,1,0,1,0,0,0,0,0,1,2,0,0,1,0,0,1,1,2,2,3,0,0,1,0,0,1,0,0,0,0,1,0
0,0,0,0,0,1,0,0,0,1,7,0,1,1,0,0,0,0,1,0,0,0,0,0,1,0,0,0,0,0,1,0,1,1,4,1,0,0,0,0,0,0,1,0,0,0,0,0,0,0,0,1,0,1,0,0,0,0,1,1,0,0,0,0,1,0,0,0,0,0,0,0,0,2,1,0,2,0,0,1,1,1,1,0,1,0,0,0,0,0,0,0,0,0,0,0
2,0,0,0,0,0,0,1,5,2,12,3,0,0,1,1,0,0,0,1,1,0,0,0,0,1,0,0,2,0,0,2,2,1,9,0,0,0,2,1,0,0,0,1,0,0,0,0,1,2,0,1,0,0,0,0,2,3,10,3,0,0,0,0,1,0,0,0,0,0,0,0,3,2,0,1,5,1,1,3,1,2,7,1,0,0,0,0,0,0,0,0,0,0,0,0
0,2,0,1,1,0,1,0,0,0,4,0,0,2,2,0,0,0,1,2,0,0,1,1,3,1,1,2,2,0,0,0,1,0,4,1,0,1,2,1,1,4,0,0,0,1,1,0,0,1,0,0,0,1,0,1,2,3,0,0,0,0,0,0,1,0,1,1,0,0,0,0,0,2,0,3,4,1,0,4,3,4,2,1,0,1,0,2,0,0,0,0,0,0,0,0
0,0,0,0,0,0,0,0,0,0,3,0,0,0,0,0,1,0,0,0,0,0,0,0,0,1,0,1,0,0,0,0,0,0,2,0,0,0,0,0,0,0,0,0,0,0,0,0,0,0,0,1,0,0,0,0,0,0,2,1,0,0,0,0,0,0,0,0,0,0,0,0,0,0,0,0,0,0,1,2,5,0,2,1,0,0,0,0,0,1,0,0,0,0,0,0
1,1,0,1,1,0,1,0,2,1,3,0,0,0,0,0,1,0,1,0,0,0,0,0,1,0,0,0,1,0,0,0,6,1,4,4,0,0,0,0,2,0,1,1,0,0,0,0,1,0,0,1,0,0,0,0,0,1,3,0,0,0,0,0,0,0,1,2,0,0,0,0,6,5,0,5,34,8,4,31,40,19,20,19,0,0,0,0,0,2,0,0,0,0,0,0
0,0,0,0,0,0,0,0,0,1,4,1,1,1,1,1,0,0,1,0,0,0,0,0,0,1,1,0,0,0,0,0,0,0,2,2,0,0,0,0,0,0,1,0,0,0,0,0,0,1,0,0,0,0,0,0,0,0,2,1,0,0,0,0,1,0,0,1,0,0,0,0,0,1,0,1,0,1,0,0,4,2,4,1,0,0,0,0,0,0,0,0,0,0,0,1
0,1,0,1,0,0,0,0,0,1,2,1,1,0,0,0,0,0,2,2,0,0,0,0,0,1,0,2,0,2,0,0,2,0,3,1,0,0,0,0,0,0,1,1,0,0,1,1,0,0,0,0,1,0,0,0,2,0,3,0,0,0,0,0,1,0,0,0,0,0,0,0,2,1,0,0,4,1,1,5,9,2,4,6,0,0,0,0,1,0,2,1,0,0,0,1
1,0,0,0,0,0,1,0,0,0,4,0,1,0,1,0,0,0,0,1,0,0,0,0,0,0,0,0,0,0,0,0,1,2,0,0,0,0,1,1,1,0,1,1,0,1,0,2,2,0,0,0,0,0,0,0,1,0,5,1,0,0,0,0,0,0,0,1,0,0,0,1,0,1,0,0,1,1,0,2,3,0,4,0,0,1,0,0,0,0,0,0,0,0,0,0
0,0,1,0,1,0,0,0,2,0,6,0,0,0,2,0,0,0,0,0,0,0,0,1,1,2,0,1,1,0,0,0,2,1,3,1,0,0,1,0,0,0,0,0,0,0,3,0,4,0,1,0,0,0,0,0,1,0,5,2,1,0,0,0,0,0,0,0,0,1,0,0,2,2,0,2,0,0,0,1,1,0,6,0,0,0,0,0,0,0,0,0,0,0,0,0
1,0,0,0,0,0,0,0,0,0,3,0,0,0,0,1,0,1,0,0,1,0,0,0,0,1,0,0,0,0,0,0,0,2,2,0,0,1,0,0,0,0,1,1,0,0,0,0,0,0,0,0,0,0,0,0,0,1,0,0,0,0,0,0,0,0,0,0,0,0,0,0,0,2,0,1,1,1,0,0,2,0,1,2,0,0,0,0,0,0,1,0,0,0,0,0
0,0,0,0,0,0,0,0,0,0,3,0,0,2,0,0,0,0,0,1,0,0,0,0,0,0,0,0,0,1,0,1,0,0,3,0,0,0,0,0,0,0,1,0,0,1,0,0,1,0,0,0,0,1,0,0,2,0,2,0,0,0,0,0,0,1,0,0,0,0,1,0,0,0,0,0,0,0,0,1,0,3,1,0,0,1,0,0,0,0,0,1,0,0,0,0
0,1,0,0,0,0,0,1,0,0,1,1,0,0,0,0,1,0,0,0,0,0,1,0,1,0,0,0,0,0,0,0,0,0,2,1,0,0,0,0,0,0,0,0,0,0,0,0,1,0,0,0,0,0,0,0,1,0,4,0,0,0,0,0,0,1,0,1,0,0,0,0,1,1,0,0,0,0,0,0,0,1,0,1,0,0,1,1,0,0,0,0,0,0,0,0
0,3,0,0,0,0,0,0,1,1,6,0,0,0,2,0,0,0,2,0,0,0,0,0,0,0,1,0,0,0,0,0,1,0,1,0,0,0,0,0,1,0,0,0,0,0,0,1,0,1,0,0,0,0,0,1,0,1,2,0,0,1,0,0,0,0,0,0,0,0,0,0,0,0,1,0,0,1,0,0,1,1,2,1,1,0,0,1,0,0,0,0,0,0,0,0
1,1,0,0,0,0,0,0,1,0,2,0,0,0,0,0,0,0,0,2,0,0,0,0,0,0,0,0,0,0,0,0,1,1,3,1,0,0,0,0,0,0,0,0,0,0,0,1,0,0,0,0,0,0,0,0,0,1,4,0,0,0,0,0,1,2,0,0,0,0,0,0,1,0,1,0,3,0,0,3,9,2,5,1,0,0,0,0,0,0,0,0,0,0,0,1
0,1,0,0,2,0,0,0,0,0,2,2,0,0,0,2,0,1,0,0,0,0,0,0,0,1,0,0,0,0,1,0,1,0,2,0,1,0,0,0,0,0,1,0,0,0,2,0,0,0,0,0,0,1,0,0,0,0,3,0,0,2,0,0,0,0,0,0,0,0,0,0,0,0,0,0,0,1,2,1,0,0,0,0,0,0,1,0,0,0,0,0,0,1,0,4
3,2,0,0,1,1,0,1,1,1,5,1,0,0,1,0,1,0,1,0,0,0,0,0,3,0,2,1,0,2,0,3,4,2,5,0,0,0,2,2,0,0,2,0,0,0,0,1,0,1,1,1,1,1,0,0,4,2,5,1,0,1,0,1,1,1,0,0,0,1,1,0,5,4,1,1,25,6,5,40,48,7,11,23,0,0,1,0,0,1,0,1,0,0,1,0
1,0,0,0,0,0,0,1,0,1,3,0,0,1,0,0,1,0,0,1,0,0,0,0,1,2,0,1,0,0,0,0,0,1,1,0,0,0,1,0,0,1,0,0,0,0,0,0,0,1,0,0,1,0,0,0,1,1,1,0,0,0,0,0,1,0,0,0,0,0,0,0,0,1,0,2,6,3,0,3,5,1,3,8,0,1,0,0,0,1,0,0,0,0,1,1
1,0,0,0,0,1,0,0,1,0,3,0,0,0,1,0,1,1,0,0,0,0,0,0,1,0,0,0,0,0,0,0,0,1,1,1,0,0,0,0,0,0,0,0,0,0,0,0,2,2,0,1,0,0,0,0,0,0,2,0,0,0,0,1,2,0,0,0,0,0,0,0,1,0,0,0,0,0,0,0,0,0,1,0,0,0,0,0,0,0,0,0,0,0,0,0
0,0,0,0,1,1,0,1,0,0,1,1,0,0,0,0,0,0,0,0,0,0,0,0,0,0,0,1,0,0,0,0,1,0,2,0,0,0,0,0,0,1,0,0,0,0,0,0,0,0,0,0,0,0,0,0,1,1,2,0,0,0,0,0,0,0,0,0,0,0,0,0,0,2,1,0,1,1,0,0,3,1,1,1,0,0,0,0,0,0,0,0,0,0,0,0
0,3,0,2,1,0,1,1,0,2,5,2,0,0,0,0,1,0,2,0,1,1,0,1,1,0,0,2,0,0,2,2,3,2,9,1,0,0,1,1,0,1,0,2,2,0,0,0,1,1,1,1,0,1,0,3,1,3,4,3,0,1,0,0,3,0,0,0,0,0,0,0,2,3,1,3,2,2,1,5,4,4,5,3,0,0,1,0,1,1,0,1,0,0,0,1
0,1,0,0,0,0,0,0,0,0,4,0,0,0,0,0,1,0,0,1,0,0,0,0,2,0,0,1,0,0,1,0,0,0,9,1,0,0,0,2,0,0,0,0,0,1,0,1,1,1,0,2,0,0,0,0,1,0,6,0,0,0,0,0,0,0,1,0,0,0,0,0,0,0,0,0,1,1,0,3,3,3,0,5,0,0,0,0,1,0,0,0,0,1,0,0
0,0,0,0,2,0,0,0,0,0,3,0,0,0,0,0,1,0,0,0,0,0,0,0,0,0,0,0,0,0,0,0,2,0,4,0,0,1,0,1,0,0,1,0,0,0,0,0,0,0,0,0,0,0,0,1,0,0,3,0,1,0,0,0,1,0,0,0,0,0,0,0,0,0,0,1,0,0,0,0,1,1,2,1,0,0,0,0,0,0,0,0,0,0,0,0
1,0,1,0,0,0,0,0,0,1,3,2,2,0,0,0,0,0,1,1,0,0,0,0,1,0,0,0,1,0,0,1,1,0,3,1,0,0,0,0,0,1,0,1,0,0,0,0,0,0,0,0,0,0,0,0,2,2,2,0,0,0,0,0,0,1,0,0,0,0,0,0,1,1,0,1,0,0,0,1,1,2,1,1,0,0,0,0,0,0,0,0,1,0,1,0
0,1,0,0,0,0,0,0,0,0,2,0,0,0,0,0,1,0,2,1,0,0,0,0,0,0,0,0,0,1,0,0,2,1,5,1,0,0,1,0,1,0,0,0,0,1,0,0,1,0,0,0,0,0,0,0,1,0,0,0,0,0,0,0,0,0,0,0,0,0,0,0,0,0,0,0,0,0,1,0,1,1,1,2,0,0,0,0,0,0,0,0,0,0,0,0
3,1,1,3,1,2,0,3,3,3,5,2,0,4,0,0,0,1,0,0,0,1,1,0,3,0,3,1,2,4,2,1,2,1,3,10,1,3,1,0,1,0,2,1,0,1,0,1,3,3,1,2,1,2,0,2,3,4,4,1,1,0,2,1,1,0,0,1,0,0,0,0,8,2,2,5,23,6,2,27,21,5,8,8,0,0,0,1,0,1,0,0,0,3,1,0
0,1,0,1,0,0,0,0,0,0,4,0,0,0,0,0,1,0,0,3,0,0,0,0,2,1,0,2,0,0,0,0,0,1,2,0,0,0,0,0,0,0,0,0,0,0,0,0,1,0,1,0,1,0,0,0,1,0,3,1,0,0,0,1,0,0,0,0,0,0,0,0,1,1,1,2,0,0,0,0,0,0,3,1,0,1,1,0,0,1,1,0,0,0,0,0
1,0,0,0,0,1,0,0,2,2,1,0,0,0,0,0,0,0,1,0,0,1,1,0,0,0,0,0,0,0,0,0,1,0,4,1,0,0,0,0,0,0,1,0,0,0,0,1,0,0,1,0,0,1,0,0,0,0,2,3,0,0,0,0,0,1,0,0,0,0,0,0,0,1,1,0,0,0,0,2,3,1,2,1,0,0,0,0,3,0,2,0,0,0,0,0
0,0,0,0,1,0,0,0,0,2,6,1,0,0,0,1,0,0,0,2,1,1,0,0,1,2,0,0,0,0,0,0,1,0,5,2,0,0,0,0,0,0,2,1,0,0,1,0,0,0,0,1,0,0,0,0,1,4,4,1,0,1,0,0,0,0,0,0,0,0,0,1,0,0,0,2,3,0,0,3,5,2,4,2,0,0,1,0,1,0,0,0,1,0,1,0
2,0,0,0,0,0,0,0,0,2,6,1,0,0,0,1,0,1,3,0,0,0,0,0,14,6,5,10,0,1,0,0,0,2,4,0,0,0,0,1,0,1,2,1,1,1,0,1,0,2,0,0,0,0,1,1,1,3,5,1,0,2,0,0,0,1,1,0,0,1,0,1,5,11,1,5,1,0,0,1,4,2,7,2,2,1,0,0,0,1,0,1,0,0,0,0
1,1,0,0,0,0,0,1,1,1,2,0,0,1,0,3,2,1,0,1,0,0,0,0,1,0,0,2,0,1,0,1,1,0,6,0,0,0,0,1,0,0,0,2,0,0,0,0,2,0,0,1,0,1,0,0,2,1,8,1,0,0,1,1,0,0,1,0,0,0,0,0,0,1,0,0,0,0,0,0,5,2,5,2,1,1,1,1,0,0,0,1,0,0,0,0
0,0,0,0,0,0,0,0,1,0,6,0,0,1,0,0,0,1,0,0,0,0,0,0,1,1,0,1,0,0,0,0,0,1,2,2,0,0,0,0,0,0,1,3,0,0,0,0,0,2,0,0,1,0,2,0,0,1,4,0,0,0,0,0,0,0,0,0,0,0,0,0,0,1,0,0,0,0,0,1,1,1,1,0,0,0,0,0,0,1,0,1,0,0,0,1
2,2,0,1,0,0,0,0,3,2,2,0,3,1,0,1,3,1,1,1,3,0,1,0,3,1,0,1,2,0,1,1,3,0,6,2,0,1,2,0,1,2,1,1,0,0,0,0,3,2,1,3,0,3,0,2,0,4,4,2,0,0,0,0,1,1,1,1,0,3,0,1,0,4,0,3,0,3,0,1,1,2,5,3,1,0,0,1,3,3,3,2,2,1,0,1
6,3,1,1,1,1,1,0,1,0,3,2,0,0,0,0,2,0,0,0,0,0,1,0,3,6,2,4,1,1,2,2,3,4,4,2,0,0,1,2,1,2,2,0,0,0,1,0,3,4,1,4,0,1,1,1,1,2,4,2,1,0,1,2,0,1,0,0,0,1,0,0,1,4,0,1,1,0,0,0,6,6,6,9,0,0,1,1,2,0,1,1,0,0,0,0
0,4,1,3,1,2,0,1,2,2,6,1,0,0,1,2,1,1,4,4,1,0,0,1,4,1,2,3,1,2,1,3,4,1,4,3,1,0,2,2,1,3,1,2,0,0,0,1,1,3,0,0,1,1,0,0,1,5,4,2,0,1,0,2,0,0,1,1,0,0,0,1,1,4,1,1,4,3,1,5,5,1,6,2,1,0,0,0,1,1,0,4,0,1,1,2
0,0,0,0,1,0,0,0,1,2,4,0,0,0,0,0,0,0,1,0,0,0,0,0,1,0,0,1,0,1,1,1,1,1,4,2,0,0,1,0,0,0,0,0,0,0,0,1,0,0,0,0,0,0,0,0,1,3,7,3,0,0,0,0,1,0,1,0,0,0,0,0,3,1,0,2,6,2,0,9,20,6,9,9,2,1,0,0,0,0,0,0,0,0,0,0
